,ID,Time,Author,vote_count,Number_of_Comments,Verdict,Title,URL
1,thing_t3_4y75ue,2016-08-17T18:10:41+00:00,jschild,18,5,None,Is this Obamacare post being mis-represented?,https://www.reddit.com/r/politicalfactchecking/comments/4y75ue/is_this_obamacare_post_being_misrepresented/
2,thing_t3_4y3saf,2016-08-17T04:39:10+00:00,FuzzyCatPotato,17,1,None,"Holocaust denial (a refutation, not a defense) has been nominated to be a Cover Page article on RationalWiki. Support welcome!",https://www.reddit.com/r/politicalfactchecking/comments/4y3saf/holocaust_denial_a_refutation_not_a_defense_has/
3,thing_t3_4womph,2016-08-08T05:28:21+00:00,CaspianX2,71,25,None,"David Cross: Ayn Rand lived in public housing, and used Social Security and Medicare",https://www.reddit.com/r/politicalfactchecking/comments/4womph/david_cross_ayn_rand_lived_in_public_housing_and/
4,thing_t3_4vthdo,2016-08-02T16:57:49+00:00,AnnaeusLucius,38,3,None,Post Claims Trumps Tax Plan will net him $1.9mil at $75300 gross income,https://www.reddit.com/r/politicalfactchecking/comments/4vthdo/post_claims_trumps_tax_plan_will_net_him_19mil_at/
5,thing_t3_4umhfs,2016-07-26T02:58:09+00:00,leftcoast-usa,14,5,None,Is this series of figures from Seth Joseph factual?,https://www.reddit.com/r/politicalfactchecking/comments/4umhfs/is_this_series_of_figures_from_seth_joseph_factual/
6,thing_t3_4ugoqo,2016-07-25T03:56:47+00:00,Docey,21,54,None,Was the Democratic Party Nomination process rigged?,https://www.reddit.com/r/politicalfactchecking/comments/4ugoqo/was_the_democratic_party_nomination_process_rigged/
7,thing_t3_4tnzcf,2016-07-19T22:47:23+00:00,rynosoft,19,4,None,Anybody else see this Baio segment? I think his history lesson sounds suspicious.,https://www.reddit.com/r/politicalfactchecking/comments/4tnzcf/anybody_else_see_this_baio_segment_i_think_his/
8,thing_t3_4t1ht1,2016-07-15T21:36:44+00:00,SollyD,10,12,None,Checking Jill Stein,https://www.reddit.com/r/politicalfactchecking/comments/4t1ht1/checking_jill_stein/
9,thing_t3_4sxrsn,2016-07-15T06:10:00+00:00,JimsPseudonym,10,12,False,State Department policy in place during [Clinton's] tenure permitted her to use a non-government email for work.,https://www.reddit.com/r/politicalfactchecking/comments/4sxrsn/state_department_policy_in_place_during_clintons/
10,thing_t3_4sqio9,2016-07-14T00:51:24+00:00,-Grounder,12,13,None,Is this New York Times article about the Republican Party legit?,https://www.reddit.com/r/politicalfactchecking/comments/4sqio9/is_this_new_york_times_article_about_the/
11,thing_t3_4rz1ze,2016-07-09T05:50:11+00:00,CyberDingo,3,18,False,"Are there ""terror training camps"" in the US?",https://www.reddit.com/r/politicalfactchecking/comments/4rz1ze/are_there_terror_training_camps_in_the_us/
12,thing_t3_4rqdvl,2016-07-07T19:18:56+00:00,CaspianX2,26,1,Mod Post/Meta,"Reminder: Posters, post the claim you want checked (with link to source); Commenters, respond with FACTS (with link to source)",https://www.reddit.com/r/politicalfactchecking/comments/4rqdvl/reminder_posters_post_the_claim_you_want_checked/
13,thing_t3_4rm926,2016-07-07T02:34:23+00:00,JimsPseudonym,7,40,False,Truthiness Question: Did Hillary break/not break any laws by using a personal email server to conduct State Department business?,https://www.reddit.com/r/politicalfactchecking/comments/4rm926/truthiness_question_did_hillary_breaknot_break/
14,thing_t3_4rdqxt,2016-07-05T17:13:21+00:00,amus,16,21,None,Seeking help on costs associated with failed HRC investigations.,https://www.reddit.com/r/politicalfactchecking/comments/4rdqxt/seeking_help_on_costs_associated_with_failed_hrc/
15,thing_t3_4pb5jc,2016-06-22T15:14:31+00:00,ZimZimA1,44,11,Confirmed,Hillary Clinton: FACT: No major company has filed for Chapter 11 more often in the last 30 years than @realDonaldTrump's casinos.,https://www.reddit.com/r/politicalfactchecking/comments/4pb5jc/hillary_clinton_fact_no_major_company_has_filed/
16,thing_t3_4p1zt7,2016-06-21T00:53:26+00:00,fruitheart,22,1,Confirmed,"According to the American Academy of Pediatrics, ""The only way to maintain the initial effect of spanking is to systematically increase the intensity with which it is delivered, which can quickly escalate into abuse"".",https://www.reddit.com/r/politicalfactchecking/comments/4p1zt7/according_to_the_american_academy_of_pediatrics/
17,thing_t3_4o1r19,2016-06-14T14:51:24+00:00,jaredwards,16,25,None,This email circulating about Obama's pro-Islam record,https://www.reddit.com/r/politicalfactchecking/comments/4o1r19/this_email_circulating_about_obamas_proislam/
18,thing_t3_4nt6iw,2016-06-13T00:40:57+00:00,jakerose632,32,37,None,"Donald Trump: ""Republicans are Dumb"", why did this video disappear off the internet?",https://www.reddit.com/r/politicalfactchecking/comments/4nt6iw/donald_trump_republicans_are_dumb_why_did_this/
19,thing_t3_4mtmre,2016-06-06T15:54:00+00:00,XavierSylvan,52,14,Partisan Bias,"Meme circulated by Breitbart: ""Hillary Clinton approved major arms deals to Qatar, Oman, Algeria, Saudi Arabia and other dictators after they donated millions of foreign dollars to the Clinton foundation.""",https://www.reddit.com/r/politicalfactchecking/comments/4mtmre/meme_circulated_by_breitbart_hillary_clinton/
20,thing_t3_4lfrb6,2016-05-28T13:13:04+00:00,RicknMorty93,16,30,None,"Rachel Maddow says Elisabeth Warren is part native american as if it's a settled fact, I thought it was just a family story with no real evidence?",https://www.reddit.com/r/politicalfactchecking/comments/4lfrb6/rachel_maddow_says_elisabeth_warren_is_part/
21,thing_t3_4jzzp6,2016-05-19T01:00:28+00:00,GrinningJest3r,14,9,None,"A collage of ""sexual predators and perverts"" is making the rounds on FB with no sources or other information. I've identified a couple of those shown in the picture but am looking for help identifying the rest, purely so I know whether the picture is accurate. FB link in text.",https://www.reddit.com/r/politicalfactchecking/comments/4jzzp6/a_collage_of_sexual_predators_and_perverts_is/
22,thing_t3_4jsjd4,2016-05-17T19:01:34+00:00,TchambersMD,20,37,Mostly True,"Hillary said in 1998: ""That Women Were the Primary Victims of War."" Is that accurate when you look at all recent war casualties overall?",https://www.reddit.com/r/politicalfactchecking/comments/4jsjd4/hillary_said_in_1998_that_women_were_the_primary/
23,thing_t3_4jg8p6,2016-05-15T14:11:32+00:00,AnImaginativeUsernam,12,4,False,No poverty,https://www.reddit.com/r/politicalfactchecking/comments/4jg8p6/no_poverty/
24,thing_t3_4j5dt6,2016-05-13T08:24:59+00:00,mattyyboyy86,16,20,None,was the DNC primary rigged with voting machines?,https://www.reddit.com/r/politicalfactchecking/comments/4j5dt6/was_the_dnc_primary_rigged_with_voting_machines/
25,thing_t3_4iy9rh,2016-05-12T01:19:15+00:00,jimillett,0,6,None,This image seems made up... Can anyone confirm??,https://www.reddit.com/r/politicalfactchecking/comments/4iy9rh/this_image_seems_made_up_can_anyone_confirm/
